{
    "circle": [
        {
            "cx": "25",
            "cy": "75",
            "fill": "transparent",
            "r": "20",
            "stroke": "red",
            "stroke-width": "5"
        },
        {
            "cx": "29",
            "cy": "75",
            "fill": "transparent",
            "r": "20",
            "stroke": "black",
            "stroke-width": "5"
        }
    ],
    "ellipse": [
        {
            "cx": "75",
            "cy": "75",
            "fill": "transparent",
            "rx": "20",
            "ry": "5",
            "stroke": "red",
            "stroke-width": "5"
        }
    ],
    "height": "250",
    "line": [
        {
            "stroke": "orange",
            "stroke-width": "5",
            "x1": "10",
            "x2": "50",
            "y1": "110",
            "y2": "150"
        },
        {
            "stroke": "orange",
            "stroke-width": "5",
            "x1": "10",
            "x2": "50",
            "y1": "110",
            "y2": "150"
        }
    ],
    "path": [
        {
            "d": "M20,230 Q40,205 50,230 T90,230",
            "fill": "none",
            "stroke": "blue",
            "stroke-width": "50"
        }
    ],
    "polygon": [
        {
            "fill": "transparent",
            "points": "50 160 55 180 70 180 60 190 65 205 50 195 35 205 40 190 30 180 45 180",
            "stroke": "green",
            "stroke-width": "5"
        }
    ],
    "polyline": [
        {
            "fill": "transparent",
            "points": "60 110 65 120 70 115 75 130 80 125 85 140 90 135 95 150 100 145",
            "stroke": "orange",
            "stroke-width": "5"
        }
    ],
    "rect": [
        {
            "fill": "transparent",
            "height": "30",
            "stroke": "black",
            "stroke-width": "5",
            "width": "30",
            "x": "10",
            "y": "10"
        },
        {
            "fill": "transparent",
            "height": "30",
            "rx": "10",
            "ry": "10",
            "stroke": "black",
            "stroke-width": "5",
            "width": "30",
            "x": "60",
            "y": "10"
        }
    ],
    "version": "1.1",
    "width": "200",
    "xmlns": "http://www.w3.org/2000/svg"
}