{
    "g": [
        {
            "circle": [
                {
                    "cx": "85",
                    "cy": "75",
                    "r": "50"
                },
                {
                    "cx": "215",
                    "cy": "75",
                    "r": "50"
                }
            ],
            "fill": "#40F99B",
            "rect": [
                {
                    "fill": "aqua",
                    "height": "100",
                    "stroke": "red",
                    "stroke-width": "3",
                    "width": "100"
                }
            ]
        }
    ],
    "height": "800",
    "width": "800",
    "xmlns": "http://www.w3.org/2000/svg"
}